,"nose_x","nose_y","leftEye_x","leftEye_y","rightEye_x","rightEye_y","leftEar_x","leftEar_y","rightEar_x","rightEar_y","leftShoulder_x","leftShoulder_y","rightShoulder_x","rightShoulder_y","leftElbow_x","leftElbow_y","rightElbow_x","rightElbow_y","leftWrist_x","leftWrist_y","rightWrist_x","rightWrist_y","leftHip_x","leftHip_y","rightHip_x","rightHip_y","leftKnee_x","leftKnee_y","rightKnee_x","rightKnee_y","leftAnkle_x","leftAnkle_y","rightAnkle_x","rightAnkle_y",estado
1,216.78965475772605,158.56162738568125,229.87443912817815,143.8033582635427,206.8330512288016,144.9282087556119,252.66496534384646,152.69242789865933,191.92127341519074,153.83081358416072,279.93572634388966,224.0905104165875,171.21897868887464,232.19638757668582,308.5561938007518,320.0141840129511,159.21489310357362,332.64806057970816,320.1511623664589,398.7643485384693,153.4600682536916,407.6278645630477,271.07810037516435,402.8355658935666,211.06681894977737,405.6176877745395,279.5964007952798,526.396138755264,214.86639502261863,531.8451075164261,304.7466397266908,627.3491770748035,207.4657279582339,630.342167223474, BraçoNomal
2,215.6400616048375,158.51791751199195,229.0374955463039,143.6365081252755,205.4922430877092,145.15243082009403,252.37613129523015,152.46206680253323,190.89460949025732,154.56935165828304,279.9225235133784,224.3292987504358,170.15462061959948,233.0510843180497,309.14800846530306,320.34485785042733,158.36596311576636,333.2700985340757,318.6722335221703,398.75626591485764,153.17277390298216,409.025489770021,269.94786568281717,402.82851395068934,209.31567657411335,405.8877577429152,279.34543161726185,524.7685089222653,211.77720458034412,529.7761874094548,305.0097589233043,628.5900890149959,206.35330728612524,630.8017425462893, BraçoNomal
3,215.10513514210743,157.70464480943718,228.8116500015853,142.763124762806,205.16872473542333,143.98576029914827,252.3112078937575,151.6379506114856,191.24549779075596,153.39375594803332,279.61009367337954,223.3575391249898,170.03268413321058,231.95488580191648,307.8258047437854,318.95952814492733,158.45111441705018,332.73264911666456,319.03084560498195,398.1754646746565,154.82810723271353,408.9766952574021,270.3930059425562,403.05850118792944,209.1161023225302,405.6515895828663,278.57762979811736,523.9376332360947,212.51449856591137,529.075319817094,303.0510608435605,628.2901830524786,204.71332983469688,630.7422112490881, BraçoNomal
4,215.3666719592499,157.62720938647306,229.21528164978622,142.53015297767254,205.72008676194963,144.0074694073154,253.2742905152911,150.5594728484692,191.74286131543408,153.05561639362736,279.63527816742777,223.19062654517506,170.88109878065058,231.22484135906058,306.96938809346597,318.69928679229685,158.567170332378,332.0199839744123,318.51116594544646,397.74262302858824,153.24440621402016,408.43170068792796,270.39253486455186,401.8922574826252,208.422613848972,405.1802333579453,279.63921593692055,524.4649687036002,211.60668698915714,528.2991626865669,302.11652744604925,629.0135280705612,204.75859126228306,630.8958221984745, BraçoNomal
5,216.31100472773096,157.143946684752,229.94519804794965,142.34550778875092,206.21798143498165,143.56025355891958,253.46818969964056,150.61059824873038,192.31961610623375,152.3924049570403,279.4008678555025,223.54990098263042,171.76499129269376,230.91611137835434,307.75429731584245,319.1413578820136,158.67839848856056,330.69717322620437,318.56298136432815,397.38621299832715,152.65565671809452,407.19491384187097,269.89836613399046,400.25761996911194,208.89447592946806,403.1044660709248,280.66868024670197,523.7225331703513,210.71526197144033,527.6806491228393,302.03922006777753,629.9462806983681,204.99339677387638,630.6509114313683, BraçoNomal
6,216.38287890096586,157.36483484483415,229.683049461721,142.56502381558548,206.0949636823009,143.91157341745577,252.87119001544409,150.53333987521756,191.01669457172142,153.27821063067663,279.34471788666133,223.4689846409898,171.55858957164486,232.72190196412083,305.84554773174835,320.3021675918817,159.54045859014013,330.8956614690996,320.3157282506446,398.31888579580107,155.92990177614683,407.0365114917087,268.4400145460196,400.8880993883898,210.31391299652222,403.59284749754676,279.63672222701496,524.802951363738,212.2215702487337,529.4671602879981,303.59689244593164,628.1616325044447,206.76594948675847,630.6206699623673, BraçoNomal
7,217.8705258499324,156.35177606367415,230.90277000531154,142.20777596202808,207.3968715296645,143.1272980953469,253.49087257978982,150.66522827964815,191.96897757192534,152.7528551135082,278.59874531638303,223.6092726191658,172.6436798155076,232.4580666657088,308.6159637985527,320.1628684032752,160.96889040163984,331.38112237017447,319.3623817681339,398.0360809133211,150.0366843256969,404.6877292083859,269.29659559940086,400.4360478768553,211.35270955126578,403.1546896255434,279.68359290764954,525.3978256641195,212.95140918776224,530.1500091466922,304.77921682573015,629.5171112476156,206.82828037840852,629.6814937591553, BraçoNomal
8,217.6580317308003,157.16862216162775,230.48696304573627,142.78116325645595,207.58971315970217,143.50979130370143,253.25564973734697,151.12409145266167,192.09350498733818,152.77449150493638,278.95643737436734,223.95315323915,172.26269389868713,233.29193480376605,307.2477272196967,318.045703975723,161.0490843182872,331.50808342514335,318.83591415909945,395.818860599503,155.24024673936896,406.48376942794147,267.5103721396005,396.8931397612457,208.58653950969534,399.4008017959298,276.08818883932986,526.189332349755,213.39165845640906,530.918798965007,302.74727876269867,629.7647188572569,206.05876339270452,631.3471062322535, BraçoNomal
9,218.3435197822779,155.9199382247628,231.02679472674657,141.2541654861391,207.9627310608148,143.28888733563258,254.98829360694742,149.84766924149332,192.34464252041477,153.1870969520005,279.8601625865536,223.5855337655034,172.3886005609416,233.03914296487892,308.64248485787834,317.9722521654131,162.0019059756387,331.383239849996,318.16814844153737,395.7624766724583,149.87636920914116,403.9782082746929,268.6949404631144,397.16057295743593,208.5879811980845,399.8118884906695,276.15564626107425,525.4049977476959,213.9502557984586,531.6355141628577,304.87649443362943,630.437432869863,208.39095361316254,632.2516321189673, BraçoNomal
10,217.92641498699265,155.39488266414241,230.99072643383937,140.9531118637857,207.72903843148674,142.6308846306708,255.10601568407589,150.45631150791155,192.9099827592011,152.82926973572967,280.5535917801616,223.84684215723775,171.78619296448704,233.53628833934027,308.23033270483353,319.0709373025579,162.58433385767364,332.10562216168717,319.4374791898616,396.5819405730133,150.17594320393727,405.228517272593,269.87930328280083,397.7511214022507,209.2976112068859,399.92793175960793,277.47161847422564,525.3709592002839,215.83170340868287,532.3643595699207,305.1872383518442,630.0053108823903,210.44314328798527,632.5645314561718, BraçoNomal
11,218.1833137408305,156.50494517983168,231.1182787075117,142.09621425732564,207.726509153611,143.075044795233,254.84862372105226,151.28035656301893,192.18612872394607,153.44424981922492,280.6060134353341,224.81543939493974,172.46283486659428,233.42581264332577,308.37200388184783,319.20472498719334,163.86165080089052,332.77313020906564,319.74870841326884,398.664919463577,150.41289860172498,407.13950842920445,269.37133417983,398.1894405157186,208.87654967252382,400.381543519432,278.02557301057453,526.6160262697866,215.70907453247548,533.3084409914128,303.472788684563,628.0579676795099,210.13013250447437,632.2381834742624, BraçoNomal
12,218.83174154823394,158.298569840216,230.9304292396813,143.85675764269402,207.7309796522564,145.82594748322603,254.27292529896545,152.69112611095267,192.5894679243927,155.5414341618579,280.33639083298266,225.0673570521611,172.18748898264965,235.51874582312917,310.638553018236,321.82948626432903,164.91444058548154,332.7863014236035,320.068761654865,401.07528808237515,153.29894376821557,408.5998581466972,270.52033611401515,400.0542091191511,209.1520512651377,400.9102495393865,278.9814843389311,527.0994906221383,215.84539944837996,535.309948680002,304.38374684107447,628.3477336089435,210.78091570189957,631.8846900175517, BraçoNomal
13,222.12550788909084,156.80181363770006,234.28686120630704,142.99895463193903,209.74395603521327,144.10955106237984,256.8787928703694,151.34220847267122,192.6517790560593,154.0999627373098,278.6597878571151,224.12537888330246,173.39189237750458,233.40437701332894,309.3101762779028,319.092916677898,164.187839122134,331.3952009631502,320.2105656189678,397.76429893998323,150.87393537291297,406.54463650002094,270.3554256157189,397.17487602382323,209.5236243162638,399.194804759341,279.40509174955497,525.8882273514447,215.08931292819608,533.5365336414442,307.31330665261834,627.9173532664081,209.05749105015622,632.3933941919053, BraçoNomal
14,220.94943477764207,156.65009490432445,233.42653682166969,142.92484520938146,208.81009289633903,143.75097533793766,255.92478719481238,151.69502534755011,192.2054034021578,153.89155695874405,279.6355959079609,224.728999742738,173.0478275944751,233.32071166279715,309.4705546264055,322.67563246567425,162.62735055114513,331.3047302743341,319.23745441065694,400.98627647073357,150.3363942691788,405.6307198787942,271.02023840136104,399.60030807317,209.79125985468409,400.37209192417015,278.4833398997088,524.9075156631174,216.34027163435053,532.1177992393999,305.63292082552783,629.4378057398221,212.31817917879454,632.3716076246031, BraçoNomal
15,220.33280947792855,157.4073765083046,232.80424593951454,143.60232809638237,208.26212484456227,144.28912504916062,255.83722043315726,152.10522679503327,191.78906489902897,154.52566431097483,279.53856964705056,224.83802426557133,172.780263191995,233.29352192563306,310.35673929652353,322.45650689611176,163.49021053685289,332.2010407503477,317.96859790193434,400.37339924467216,151.53018813374445,405.05938604184166,270.42515464515543,400.2318782435317,210.01653631188066,401.0868152662938,280.8177116223347,524.8064631079885,216.3378466891872,532.0025036882334,306.232609448266,628.6803099376219,211.70707402804487,632.2176840722793, BraçoNomal
16,219.93662655307162,158.11167991717966,232.2903409375291,144.04830617941772,208.12487516143443,144.58708504851228,254.9984644656052,152.36485242658088,191.94278294752547,154.52421669459065,280.7724699547319,223.8041060555306,171.53920581832472,232.66522717012043,312.684397367188,321.94437713103537,161.85265961138657,331.9362664575243,319.3644731647774,401.5041050150237,150.4127531682471,405.28176173347447,271.52954644080734,398.6714086421269,210.14771098571066,399.47429944940114,280.1808837155888,524.5522145631248,216.20137001661016,532.1032780227958,305.5839540058537,627.9940559891876,212.03458863937442,631.7129433553971, BraçoNomal
17,220.5277377622137,156.84660714887923,232.83616147430956,142.7835834592233,208.42452503456684,143.52737610813244,255.61299362627915,151.36210124316383,191.31115468281257,153.55047000521353,281.5506734291404,222.60429250962076,172.3746270910775,232.8074611114621,311.84357687656984,321.0672314677257,163.50362203278894,331.84383399755575,319.34541347518507,400.71960047710735,148.99007862551207,404.2450929337439,272.2151040474265,400.0712216744627,210.07142480338132,400.12858727748295,280.6719113991882,525.535747186683,216.8731019580411,532.0098899700299,305.7524039123773,628.6385357519068,211.74283485561034,631.6995516194444, BraçoNomal
18,219.47470927702318,156.2997887329369,232.1733183638131,142.32028298433653,207.51603213358487,143.30231463955536,255.1962381875005,150.24167540657845,190.9431494942899,152.93976084453124,281.944358692095,222.50867790192484,173.4600603682522,234.16532290863157,312.25014881030137,319.34884877334775,164.53977074975637,332.21605201454014,320.4470736507312,400.76970863342285,149.80872051075738,404.09344375550984,272.5611772351692,398.1753334683667,209.87083409825192,398.6911354287589,280.70034996730345,524.1397905127084,216.04375806578406,530.5875923983782,305.6530633622107,629.8124676715539,211.00850960994973,631.6380044087363, BraçoNomal
19,222.53722690329943,158.59274619794542,234.25519504250258,144.81917158638922,209.63954112130847,145.9121998107851,256.0162664331815,152.279766728442,192.8324034835578,155.29537613011522,280.6593361457498,222.35864271913522,172.2381393529098,235.22447382708006,312.6458733035433,320.87488383727316,163.37828050605987,331.63643321174595,320.6088636524483,400.47180396202475,149.95342365962523,404.0308488704815,271.45241611198696,399.82834934724445,209.8086170241063,400.13468283716344,280.84329684884636,527.0049114375727,216.81630386174425,534.4700189694356,303.81630651125187,629.7760231485627,211.88558887971516,632.1206795473507, BraçoNomal
20,221.8261994684717,157.29752997016166,233.67115118902484,143.32109768938,209.31015010195483,144.80437056842018,256.10719081121664,150.94276910254928,192.76191092836257,154.7494311054393,280.8205602215422,222.97042840371338,172.38148538611745,235.03517950926312,311.69299315664097,321.5210621681659,164.9357260396045,331.6290350739594,319.90945508786217,399.3006597808363,151.05168037562987,404.37499822624,272.10914627401746,398.27542805950003,210.14023696958787,399.2617073207514,281.54155301120034,527.4695184425622,217.20896160556185,534.1099272590667,303.2793898229933,629.333949638248,211.15806897233898,632.1441800956133, BraçoNomal
21,223.32124613602338,155.64914820259185,235.03685868760493,142.06971058678536,210.31942366069393,143.5378852577061,257.18422846664254,150.1605851770839,192.71231020842083,153.57021378543126,281.38523968648354,221.8652462087253,171.9749671995408,234.167675137056,312.764023777112,319.4337550508373,165.1564577006181,330.2727880626337,318.82608633375355,397.9954227714687,152.11265869734353,406.4372797197869,272.84851742904016,399.1708066546964,210.62557693956427,399.5423591554397,281.02522938724627,527.3442369861825,216.34312339515537,534.3027570331143,303.9654864819598,631.1025843416207,212.64411457225043,633.309692088732, BraçoNomal
22,222.2220314560234,155.56863733581068,234.52786740069263,141.61720854762928,210.02010733608142,142.90947036149439,258.00935794963914,150.14686542540673,193.2145742089832,152.93064872578427,280.9961150276986,222.69727824912462,172.38033377428468,232.3923465417053,312.00093273801104,321.32190682823096,162.61650311065557,331.53215582732565,320.03378174184365,398.60440807119886,150.22514082021752,405.3607115615667,273.1974755743598,397.7400811043231,210.70198642419007,399.4142354230473,280.50395944424645,527.334663669423,216.82426792545544,534.6578945204442,303.3856914201136,629.1675381716124,213.00582343966119,632.9552768287956, BraçoNomal
23,219.8774319659875,154.64799955382887,232.24815337296127,140.59519058999385,208.41525048875627,142.57328190784975,256.09075208582306,149.78630263703343,192.48137133038,153.13451642656142,281.06431305362094,222.69184188249048,172.02308196873054,233.70020767686898,310.99008628459296,320.3122760089919,164.33985820725735,331.3372006694631,320.6813812107428,399.0664249375637,150.83549983399388,405.51165728439156,272.41488222203833,399.55841690835325,209.75247970165447,399.8662932577764,280.4187117142436,528.1776451118262,216.2016450755791,534.4947766478424,302.99647586540493,628.2755859575383,214.35200313464213,632.8236524177433, BraçoNomal
24,218.87920028597466,154.18088105494874,231.88943419103958,140.02777555295003,207.59483494740056,142.13432257091952,256.28920238955016,148.48232473380835,192.37973071814514,152.2210242497782,281.9848295093047,222.87433086202304,171.97124125707012,233.47044175144302,311.2770723795613,321.08577660735017,163.9113447879539,332.42065004430395,319.45229285422005,400.8944462950592,152.28028342696018,405.17664968735517,274.06039879201455,399.337234719718,209.54524015730925,399.6145700387918,279.67776213174665,525.4225335473681,216.9337477183064,533.3989677985819,303.2421620142599,631.0176717409364,213.3135432900158,633.3213095757749, BraçoNomal
25,218.290422335673,154.88429180657354,231.29798073898496,140.6935415601916,206.9284113279113,142.70541770727255,255.8111878406213,149.02892065233758,191.6246515619152,152.8433672982895,281.89984023988484,223.35170992988557,172.45231939382592,234.81978620536597,310.82976800643985,320.889350516323,165.35462187978544,332.00510865890567,318.8882717919257,400.7295942863138,152.23298276908668,405.3493614270993,274.6306877210447,400.55354231897496,210.63709780028825,399.5925874524543,279.1461972373933,526.2680632372311,216.2051323174503,533.5002503599175,303.95793105470534,630.3785587897097,211.8043057927826,632.3854427745835, BraçoNomal
26,218.40179908693074,157.22723975719646,231.05655484255186,142.6254292944526,207.00159440244687,144.15895260168887,255.28412743208474,150.39017405305856,192.0105810313837,153.74829115106903,281.88596952193444,223.17446287875046,171.90417903499383,234.85914176911234,310.6192435624535,321.8420567753714,165.58190120889986,332.0421088326302,319.12043104654157,401.5119030948743,153.38067422117246,407.1883630121729,274.1943556715079,400.05077088203876,210.47111077809615,399.5560235791633,280.7743424107593,526.4300042052214,216.47791809794506,533.8674272099358,304.2671447598053,629.6232389568819,212.23579111359004,631.9170205119983, BraçoNomal
27,218.86693486907603,156.14167764493,231.47533212283247,142.0142672349507,207.11618807900277,143.64403588855313,255.48815163193046,150.34641596500975,192.1491981053631,153.76038900330838,281.63275877139915,223.69439862767084,171.85382743568272,234.62561986604092,309.6398170634467,321.43285281185047,166.3301785836424,331.4657211823222,321.005824330252,400.78907815955495,154.3319071758582,406.2956844211089,274.89889234698705,398.71016192157913,211.16855915232856,398.89566706497845,280.1071355055279,525.9306180486419,216.95838604641335,533.6978106739921,304.04581950889025,629.9895997195856,212.18685590988935,631.9597309257271, BraçoNomal
28,219.873468903716,155.693570226083,232.17025477598617,141.77801055017613,208.10365610085574,143.08614990590613,255.74937545093582,150.7650264710304,192.71306899178353,153.59166285221679,281.37076431304104,224.61730050855112,171.87593332431663,234.7726784049305,309.1332770024756,321.8378795148798,165.69053369366242,331.3171095087371,320.99528198390624,399.6032072579351,152.39011099551902,406.1934225549958,274.5993120289962,399.6419826685687,211.12138811994623,399.87008717459,280.8156123216978,527.0724249776699,218.46294596037512,536.2038338156526,303.75651754386695,629.2689045152775,212.88794486346416,631.6450907339846, BraçoNomal
29,220.07531160139393,156.49491501225572,232.43157818530784,142.08972507877573,208.2548721402536,143.11552430683537,256.4792554907298,150.78737580265982,192.15511582519298,153.40614664322672,281.3990511244837,223.95179138109378,171.92503925427388,234.23936751844354,309.91321777462497,321.2062990693267,166.68411624478,331.52849785919784,320.67838559725874,400.04516695074534,152.68608709253692,405.67715425899524,273.6949813709185,399.4455162671754,210.85769193181733,399.0970513310414,281.44844396940005,526.5827963008956,216.30582919287775,533.6144409328119,304.2303485091095,630.4244501655668,213.4782577692767,631.3715315477394, BraçoNomal
30,220.0181846989732,155.05147984055694,232.3586575233519,140.781193684975,207.96225998281045,142.43603696711799,256.68899902017205,149.63054022065398,191.67457713598412,152.36992441912108,282.21585296007447,224.4229824125535,171.98926236193472,232.8100947220502,307.76626396179205,322.2106184050267,165.25836230623122,331.5031537044837,319.39291963688595,399.4409762133884,152.7965722733435,404.7517926553808,272.7358823620392,398.91529426129415,210.25014041648302,399.8557098106652,280.4198498892877,527.4305904848567,216.59521335943202,533.0927560301607,304.43263936321097,630.9526179235734,210.11733119682583,630.6455390870804, BraçoNomal
31,223.30126326000646,155.08087795346628,234.85353524397323,141.35434385960204,210.5598726235475,143.06281099430782,258.5451475284443,150.9518895204893,194.5100458345525,153.33525691236505,281.8252723857123,224.19249722373164,171.66219985902546,232.9573461183778,309.2827430977432,323.06297398355684,164.6949055890629,332.26555314416555,317.99689103657175,398.9005090513118,153.23819367523788,404.5135236138964,272.0183957838363,400.07166745968834,209.74736739874817,400.07336839905975,281.55728195799,527.9882923044584,215.85480836207768,531.9216679673251,305.5872626174749,630.3622575938007,210.65413564837866,630.7460320394791, BraçoNomal
32,222.80149217895035,156.00488560301784,234.1864476890416,141.7931008543022,210.18799763987505,143.45188190593794,257.7036061936316,150.46863383356236,194.0618775549566,154.6448379564842,281.9899062442409,223.56530507529294,172.53308476919335,235.07891704692915,309.04803401486885,321.72024201048026,166.9086781809766,332.188572991219,319.19259134433617,398.00838057818584,153.0118011741787,407.82300941675095,273.0815603501138,397.7389966764339,210.77613536671447,398.98646497911983,284.92021614475476,528.0337165543078,218.67056489640174,534.1415784052838,306.116882339062,631.1339845360485,211.2697682065259,631.1464997191374, BraçoNomal
33,222.50978423834778,156.81804962566392,234.2538932547959,142.22216755314096,210.26016900326027,144.18443349548815,258.728320993802,149.88621622671877,194.54959820773354,155.39417881353356,282.4961680846456,223.0486439508223,172.66199732012325,235.25526462361972,308.950576195921,322.34757168840343,167.37416173882986,333.09318028906443,318.76122300263046,398.98981152990916,155.09606841566034,408.4751647474237,272.2438967144443,398.16902608166413,211.28648357168714,399.6996992088942,284.38302755912457,528.1151340091275,218.38481972839122,537.1710537825113,307.1044262392512,631.5717717107632,211.84708694725185,632.2353087918768, BraçoNomal
34,219.90320214594385,156.9050184502212,232.13780453604022,142.00440305123533,208.6756681004387,144.1573275406537,257.0917517443112,150.00779071021174,193.4235984750295,154.74951251657095,281.36207466273925,223.48790601069825,176.01154925572735,235.21835929781548,307.9920936985239,321.73933647764335,170.68759163437187,331.2909559851027,318.3894665788584,398.4530718911019,156.7331624903104,406.3937966907071,270.81197766107346,397.06262034850363,211.21847445120608,398.59363176664954,283.4812878300708,526.8503275066034,218.52540963911366,534.8459036489405,307.25360620995906,630.5025171176005,213.45064753966574,631.6335113837098, BraçoNomal
35,222.9167956341102,154.10866068680463,234.29943408854746,140.34738459011925,211.29025693811798,142.60716790818984,257.9958389593934,149.40196542702762,194.87062047891584,154.1198653877941,282.1843492233336,222.84055867918735,175.7218481390393,233.52106524812572,310.45759899421427,321.17390850453063,170.30518378914564,330.2918714642061,317.9122202980843,397.8171766555727,155.97590617910902,406.39653621480625,272.5533222465664,399.31263433077925,211.7551872164359,398.91298629523254,283.39189050355316,526.157602558804,220.46113555255107,531.8399469991602,308.26474827272887,628.7650470696535,213.74610987711515,630.7807938022837, BraçoNomal
36,223.5458064914214,153.44872782666397,234.96601815910196,140.17966185098493,212.2783145978757,142.60288236298913,258.92875045746683,149.13613199909375,195.75026380412777,153.7231920201491,281.4527239818054,222.88692350424682,176.2188243680427,232.78202606082428,309.12741382019993,321.5679241544078,171.2618973728284,329.86651806144863,317.29260096568544,398.7704757141232,157.25533823094946,406.92237150437177,272.90219819035514,399.62792778757296,211.41676983666332,399.1216201040068,283.6030456862097,527.0063602395559,220.143161061209,532.3373832405773,308.6405499603034,629.5990685451819,213.8773604292814,630.947506806266, BraçoNomal
37,224.27533559391009,154.4009163741472,235.46258673964775,140.89906751877604,211.8919294631899,143.001646732078,258.83652982452037,149.95179170764374,194.97206744331334,154.49488734642355,282.11794619430367,223.30857783811103,177.46245370115292,234.18767540185834,309.14866923914815,321.429381377966,171.59582844596895,330.5339684096756,317.7294894563549,397.7653011663415,155.86502579863435,405.8302530296118,271.8685202617126,398.7950650374713,212.42307307469707,398.0729562039505,283.38978487972156,525.4268428045489,204.90075881008045,534.0133736569594,308.6440862069334,629.7617777813269,213.1796607080601,631.5834352385674, BraçoNomal
38,224.64406636902334,154.08108839636185,235.80735774448414,140.60622772632408,211.90915068392627,141.10444013988925,259.088701990328,149.7339829433753,194.67979436718537,154.38190134211737,283.17629880942263,223.2079299674424,176.50126250523078,234.5546230360692,309.9050719190665,322.34110938343093,172.15318328026206,331.10031877881363,317.57928196651,397.39678221825034,157.88883381409408,407.78534688838266,273.16198980576337,399.60273934152804,213.12392807006836,398.2078331082712,283.9724656895441,525.8588885184856,206.5205083616977,534.8026628772573,308.3588674448808,630.0293923741649,213.26826763524156,631.7817768623858, BraçoNomal
39,223.06480897539785,154.71891418226963,234.37789544984992,141.10860238279352,210.78624299342533,143.08469082873157,257.7669851548013,149.8635246521768,194.14916135364933,154.38735628313592,282.9634885305561,223.00999342328382,176.02131384912633,233.81264356323717,309.8942371249663,321.7559483004915,171.41903824565014,330.822548740105,317.3684287163998,397.83119992059494,156.81988194387714,407.16865993752094,272.972769785484,401.20340865317024,212.33514747174337,399.5952874565867,283.71465007247633,526.5355312109922,205.74862017798517,535.6984667072965,308.98847584409015,629.5468927042031,213.58571730142438,632.1118025724063, BraçoNomal
40,220.65610177600433,155.9682110738198,232.78626158821908,141.42567898048966,210.01303800441877,143.85055142710647,257.55386978179104,149.6606022690057,194.5090538833856,154.85725896367768,283.1287373197682,223.85380162339268,175.95267794197173,233.26938312990657,311.4633473719141,321.98152589983516,171.6172609143684,330.6762236917993,318.4127264505231,396.74147793662223,157.48617909947262,406.9363757998099,273.6859660760902,399.6655602807665,210.78472542669988,399.0650354155307,282.7546010035949,527.7909438174058,220.12236407387581,534.6762890889951,308.70836938494375,630.251008096836,215.3390427600549,631.6512858839815, BraçoNomal
41,217.3052606990829,156.3441273692981,229.8966406551317,141.23021322465593,209.05155040874558,144.66634787474163,256.1268764970832,149.09788220401867,195.16185259911805,155.61581666738607,283.38087154640766,223.22207969635843,177.40992850366735,233.34107867289148,313.390565426897,321.9997872860979,172.08589184237826,331.3921618777027,317.0669324704182,398.2782576891235,156.44146403449986,406.47689295371686,276.6194936923016,409.4545232720876,211.84663958122763,398.190577109964,283.0282767737422,527.3680580413759,206.42495224355264,535.1925526425997,309.1294008841311,630.4727570017952,216.68917761331403,631.1266330318228, BraçoNomal
42,219.8072318585467,156.3075781183948,231.55359035150553,141.65090643292737,210.0231029495655,144.92179229380093,256.86443131443133,149.13337034381317,195.62242224429832,155.41585867692524,283.84241338277144,222.61151043635863,176.65151899983448,233.22728962285976,312.32375079648506,321.7621695336665,170.96760640719526,330.9644104033593,318.9341323422087,396.9600549690455,156.15253829956055,405.9964882371955,277.34006915111024,408.4882000132758,212.7416893703001,396.6518972374586,283.7488111317854,526.3535504582328,220.0645605896234,532.7668771502573,308.39360549570523,628.8361782675124,215.28066544588438,630.1322407165854, BraçoNomal
43,222.62755373943645,154.38924928954603,234.88350679160095,140.07122854685505,211.38224045126356,141.89470668896627,260.1342943985639,148.41590984878837,195.0222743995459,153.8730675422728,284.30471321209865,224.51068749409242,177.07575477793063,233.7985712934561,312.39773691674617,321.13879422362214,171.3944631494901,331.8467663790929,320.61686249373025,398.34929403906204,154.6329955757824,406.45105321861894,275.5928929993151,400.17069975411385,213.16069428558944,398.80264496710515,283.84910964594746,526.5168358954938,207.95614545354584,534.7984338456091,308.81258669901456,630.5500564760736,214.4142344359758,631.9751369943879, BraçoNomal
44,225.9037313238656,156.53276644606535,236.98686039865254,142.4860834722853,211.8301233966991,143.54472695435996,259.4641922605641,150.7771187904744,195.55297143542816,155.59210152570375,283.4757589867143,223.81833482438026,176.1173726612492,234.34067142056122,313.0759090319682,321.3370595739046,171.74114336392296,332.2654345842651,319.50506307549983,399.0266820781426,156.6865004751005,407.11416348409097,274.36494914103116,401.1726083718385,212.74809792811772,399.11134965503265,282.74564577911616,525.8798040657192,206.9191383628994,534.7281942182015,309.6292336163354,630.7442465273787,212.56473476691934,631.646789302158, BraçoNomal
45,226.98908872270403,156.38811388275505,238.0876720558113,142.64498219323067,212.87875251918456,143.3103735511869,260.7651769215031,150.89286645006115,195.9979638904913,155.5840007229074,283.08827756814924,224.4374419780093,176.78890621244676,234.70711319919693,312.63450103789455,320.8741147787191,170.4743735094479,331.2381628422422,321.6485359696563,397.70487355629297,173.29050153145994,408.8570066667253,275.5711554367719,401.7168820971181,212.34813531363523,400.2813777923584,283.45888633208517,527.4663947843857,206.13627627480355,536.9015892600271,308.41293392107184,632.3654346057878,213.65168086842345,634.3672675437037, BraçoNomal
46,227.1616732081551,157.5523680541302,238.40384206546884,143.7892354082041,213.83247997417527,143.95784655619227,261.9506131034881,152.68302096095996,197.0939537411998,156.3788679889204,284.360343888576,225.26841883529485,176.6917811516194,235.29115507667632,310.93266377282055,321.87911069625085,169.46595674358917,332.79899839853965,319.7803480986955,401.7471006445384,173.95445594342306,409.2095800986086,272.7337514454289,401.8096496864052,212.7396928215769,400.68616500438884,284.755814663631,525.6144006150242,206.48125713066372,535.4864408997711,308.6705392919162,631.929775186086,214.45997958795573,636.4484446695807, BraçoNomal
47,226.41021605688314,157.95844045548125,237.95602393277892,144.51858588044283,213.36726989449232,144.65927538148162,261.2482215718073,153.0834890358179,197.19923809437438,156.50155970187504,284.49863847962615,225.86623579240495,176.68116450773607,235.68002522687505,311.13993177154185,323.79743992029927,169.59806092703855,333.4417068763466,320.37857922505776,403.3486425570477,156.54818059127155,407.37017224827633,272.4599349841998,402.6829982713039,212.51506133023872,400.57604814967294,284.1682808018844,525.725417734584,205.77016014069437,535.1345839648859,310.80699976316225,630.3442783801008,216.8269726719838,632.7134059375362, BraçoNomal
48,230.5464643077628,156.56827434584326,241.17616460017194,142.96144386024326,216.63024385801089,142.9321785344224,264.02560263756186,151.71460353910692,198.539557768677,156.27504824571574,284.5888815334335,225.53834178939405,176.219643221755,235.16807093045128,312.8041175738383,322.6454929581876,169.19388706489298,332.9183502790993,320.88139334355816,403.24524251589054,174.5696490395394,408.9663947732532,272.6618756913954,402.8873686660589,212.36483487080972,401.2376787875877,284.4212117510547,526.6940955930183,205.49666300079707,536.1693621294045,310.2049415232143,632.2888061805459,215.68910746444527,634.1787059260714, BraçoNomal
49,228.4255351834724,158.3089509450972,239.78182705923746,144.5986248788203,214.97168727978658,144.67450637668952,263.0523048950077,152.91840148807037,197.75112810765728,156.09577026348634,285.42782047843195,226.49175466544898,176.84951561434264,235.11223712134455,313.9087417468951,323.7809395437575,169.83080349636452,333.34072861875546,321.22788860454637,404.0552232052102,157.05570548981547,409.0182829088738,273.2367457749779,403.16647922204163,213.5068812908366,400.73943791964643,284.76234652374507,525.4287769117244,207.1216766119931,535.2155568200791,310.83261028245266,631.899817075247,217.5637766099626,632.123815456717, BraçoNomal
50,226.57192622826722,157.29821366558744,238.3476545526592,143.4737332859856,213.37531774053315,143.3863593817685,262.7765898945731,152.8811191417828,197.0045706418702,155.64590598451488,284.3998456761995,226.15644197426883,175.70798848667965,236.80048584103122,312.788772761126,324.01211633199847,169.40816116333008,333.3913331458541,320.67432136387214,403.97666383439,156.32739360230443,408.5358579316492,271.261351299657,403.95052690914173,213.21749712428232,400.8073411266164,285.5385249950543,525.1440766516363,205.63390794152883,534.4841307591836,310.80385871620035,630.935401445233,215.0130283266654,630.946365074425, BraçoNomal
51,228.18853315212385,157.7221205387598,239.1007636632437,144.47241707441873,215.07303860586444,144.0015572202809,261.7022206273061,153.6930616022548,197.7823710126172,155.63756845711734,283.7437217504598,225.93170615021822,175.8246395727076,235.93811590291185,312.58472643009884,324.6056564383006,168.316545382548,333.0424919796361,320.6754152765534,403.33731139216445,173.838994408396,410.57247990114683,273.56432836065034,404.32528526959254,211.81051516996752,402.4934036017392,285.0262877356682,528.1783865064035,220.04645096003316,536.5814656728901,309.0760947721014,633.371416941691,216.470734948778,633.3979119178387, BraçoNomal
52,222.61064077444115,158.1657369085787,234.4012936413984,144.39325383850573,212.57819526761426,145.50403838398856,259.4318364733388,153.66668755720562,196.513618836607,156.64714217000434,282.5416381776565,225.80084763612265,175.68301581965346,236.51546784040994,311.1152950242336,323.87645456113705,168.93606670542914,332.85962677001953,319.9132490046758,400.7249593846065,154.7845910068616,407.68194210482943,272.6846644850557,402.758667942151,211.66721893191806,401.9118530629674,284.70015948477425,528.9829450562771,220.1362371630242,536.3603123338306,308.9734851302804,633.456351278357,216.19790174432302,633.9251545134222, BraçoNomal
53,222.54479102494656,160.16313531101912,234.04307517745616,146.58821334542006,211.34296392745085,147.18338483595198,257.68367548397083,155.52442634894228,196.21438471352548,158.38975411143286,282.08725024568434,226.94603352231275,174.89337368605203,238.50504840301633,311.27847929037966,323.97433445333047,168.85667899610468,333.98065805249644,320.9942592071652,401.44179151215906,156.8985424858123,409.38483850501393,273.1096021377623,404.3808708933077,212.17714032124917,402.62186404424887,285.2821400007849,529.1640792913474,207.53764797463032,538.2882405626171,308.9969678945579,633.8818813353662,215.42681344473874,634.0243824316834, BraçoNomal
54,225.88267666634886,156.8694117505263,236.99830577623987,144.06156591868123,212.587246920812,143.7157851786929,260.09159386482685,154.33168766749046,196.6141655361606,157.42167621549467,282.15462072350175,226.70581377526668,175.82666141420952,237.08607609077188,312.0847261332353,322.21258254737705,169.02957568929355,332.86378268972913,321.3795124900017,401.59303284433565,155.95109396314808,408.11578913885336,271.8409701024512,403.0308783119291,211.54436558229918,401.69165096950906,284.3960770521647,528.8796809638058,220.00847385272908,536.6203185426587,307.797694981794,633.0274387073888,213.82981474761374,634.1657548377486, BraçoNomal
55,225.14183615896025,157.5511982631127,236.79724557390477,144.1501175179092,212.12841694457063,145.50081039309967,260.75114891408487,153.29291442952731,195.6655835808483,156.5470207052936,284.04801521969216,225.8838016272519,175.67713524859244,237.15063907014724,311.7081340463245,322.8855862413399,169.6664336312142,332.91471918454897,321.6238597023812,402.1205216493124,156.74413639469373,408.8244200828938,272.1522341034292,403.7032488960237,211.6448095299391,402.007276394024,283.8807793665489,527.627054515052,219.49905515737572,536.6719656064816,308.53987205446003,634.527930831167,215.17122043060425,634.144280873384, BraçoNomal
56,225.10067611352946,158.37830453484904,236.744288423182,144.86778114556338,212.1436131622077,144.87250931439235,260.9935074817346,153.9933402380591,196.09533555591156,156.58295660631202,282.84638217451044,226.026067184567,175.32085089182578,238.02756184084407,312.38197477318437,322.5752296187998,169.04540896879564,332.97428209772374,321.15651396369196,401.8217997050007,155.88889902018389,409.9358132358655,271.83254760712504,401.3770056401709,211.5416719013615,401.02836681618305,284.8757135005313,527.3213707333873,218.9982170372158,534.6694082675741,309.092542982287,631.250751810779,216.5635958051867,631.9020653661587, BraçoNomal
57,226.5669878132149,157.9937815809992,237.639388797812,144.53035334575966,213.3176992097254,144.60845428496484,260.8843881109809,153.75566202007843,196.5603583109518,156.65814729516146,282.289217036058,225.7867058112,175.8876059454239,237.56989217082815,313.4964330947817,322.1317065161026,169.26417885865686,332.48043268849415,320.48592810129844,403.1878279081115,156.3157810552575,408.6943140289663,272.0242194461452,402.1065774242238,211.60132492006062,401.06670592638307,285.36808486300225,527.4627510434459,219.50661769822415,534.8279852959897,309.677773620368,630.7979944726372,217.03769629660286,631.7255190040352, BraçoNomal
58,224.7235947694296,160.1680792588668,236.50884980172037,146.57859892789492,211.01851922714297,147.64066404869584,260.12168752915204,154.74215152755323,196.1781369999689,158.14504296955897,283.9370897864554,226.55866038845673,178.60858095295237,237.82744537531636,310.18047866375997,324.0870991458225,171.23767005237625,332.63663298610584,318.90833054627893,403.4168556005575,158.82828665707365,408.8603263439372,272.8515683704777,403.5460637608391,212.23488531595075,401.33927829905707,283.983880636757,527.394398889653,208.3373013062236,537.5760053976037,305.9893466637756,631.3852406290255,217.17208315333505,633.1946607285437, BraçoNomal
59,228.80096538335897,159.41494013780752,239.1082550681519,146.2340203852969,214.47356813334306,146.92279333641557,261.0257715826369,154.92400067882315,196.5134441583537,159.08202220841605,284.2987875882754,226.10242292203793,176.78933460888697,237.1866338559162,313.7624688649456,324.75681398814754,170.28027198286838,333.08104924005295,318.6571084404734,405.76970844046156,158.98660048251026,409.26969945291603,273.9859115585743,403.5999579299749,211.3837690835797,402.1168984587555,283.0861181971628,526.620047821609,219.33419050224097,535.8537572552722,306.344525251871,631.3881350713946,215.16253552269848,632.8536575573428, BraçoNomal
60,228.91931266636237,159.77677546911204,239.42721558266578,146.16824651413856,214.35732884536924,146.85722971148064,261.4543324259005,154.5163794899729,197.12633482120384,160.2082144527584,284.7185473349308,225.83675073556864,176.47817177902402,237.42506255806654,312.8059244267208,324.80146364664756,169.61648355476592,332.87896468017817,319.65169637954654,404.75566877372535,158.93807154406835,409.57362696725573,272.00506332783385,405.6685104518549,210.6100945973675,402.5232727926529,282.2330401936394,527.6882993980141,219.67734079323856,536.6282952527592,306.4849792139076,632.4146539580498,213.84628508898072,634.3496546800963, BraçoNomal
61,227.2129898850556,160.39447966391938,238.1964590636441,146.8361078700203,213.5426436992007,148.05716497888827,260.6658142401551,154.37727315880446,196.89141074971008,159.36972203398494,285.24731065883714,225.47751107568408,176.9213787219868,237.13781879291463,316.0202287607156,322.808583957212,170.12113772292082,332.69219647863963,320.5725621917369,404.9589721293765,157.33312933361486,409.3425094589649,273.7248363346442,405.0941367390555,211.10958271546127,402.6858358049207,285.1910496388892,527.0074588946331,219.39632853645298,535.8510082463811,308.6674883504786,633.6635686915209,214.86406018297964,633.6695508288966, BraçoNomal
62,225.1704454533321,159.80939841131294,236.237841234133,145.91103476216358,211.24652572364658,148.05744003785725,259.870960213331,153.5695162580171,195.81212836016942,160.11835513782873,284.14891364695035,225.3361481544109,175.4472159856952,237.45347899500035,316.3135854743334,321.42789700801274,169.87328587988475,333.2611006280328,321.7072784483201,404.9012476850577,157.90457540727311,410.33601771254484,274.15979150853735,404.94873171557714,211.93737900581806,403.1693262404505,283.5514673871289,528.332947515792,207.40929028403434,538.3613343220277,307.4042926818017,633.9121449355486,215.99359458151497,634.2987616572399, BraçoNomal
63,227.99288165244616,160.04943913290938,238.6649718269532,146.33480815664805,213.74291824459567,147.54190918443732,261.16875324175055,154.19770984241472,197.023396373259,159.8953213893486,284.8485328529596,225.2426565593319,174.6526243714507,237.05239875585653,315.8898666174032,320.75394641564515,169.3893212047533,333.2576924260952,325.3439216020043,403.34219606006195,156.05567011851747,407.1240181830143,276.4891252257945,403.43667565431116,212.84225503943776,401.8431468102719,285.49529173216473,528.2075095603439,207.70351801772063,537.6467611557779,307.60176130955324,631.6077581973392,213.9400912629955,634.1393329735397, BraçoNomal
64,226.5749479249294,160.22583848075644,237.79828317156102,146.44731992135252,211.92864825475078,147.70922486791352,261.2166214063474,154.34540030557358,195.9742811551818,159.70800702186875,284.9342295297853,225.69992312568635,175.19695579588182,237.75412160969896,315.46758628726474,321.96091070434926,169.80271586555455,333.63482672695056,325.35810452769243,403.46975702812705,156.01527438924472,407.72394076395597,275.86141378499195,404.9226801534571,213.0354808035528,402.1171988105032,284.08482569757604,528.4600800874168,207.6451865467116,537.1569538487535,306.46072818147536,632.9542512856569,215.5190056233091,632.6824953954972, BraçoNomal
65,225.60318592828537,160.44201348959706,237.2396712071237,146.69557091605338,210.35474818782586,148.4854555055789,260.66796570714814,153.8580282189039,195.0734005902064,159.29799527022627,284.6766206021439,225.49528241435843,174.14982922253444,237.52910756508203,314.8507365141398,321.3147892822088,169.1652983209039,333.3822767502603,324.608002911282,403.2264404964818,157.77855729871226,408.8651351334984,275.60782048117795,404.69204162716403,213.18253301924773,402.15754395421845,283.43442979582557,530.0169660676314,208.60160768264,537.4698255219812,306.196894463862,635.5682410994393,215.99233784657048,634.4445243364179, BraçoNomal
66,226.06049912820072,159.47643004456384,237.09613824447308,146.24585977695332,211.44981485210968,147.06907728395575,259.69927283112645,154.22875000994495,195.30750738878663,158.4388580653918,284.2741856185379,226.323282627744,174.11139921641075,238.89005824285724,312.60886048342934,323.2167121872364,168.5515326859886,334.73288110072514,321.9521093850934,403.51916489063075,157.53386547222215,410.0653075207069,273.75685225015485,404.221501094358,211.75268955453362,402.1184634494411,281.97715473175055,529.590768468983,219.5142814101876,537.562985149339,307.4510716761133,635.2976684370858,216.6138003902213,633.4882905251321, BraçoNomal
67,225.89836609317172,159.35827957099514,236.79173965212902,146.20538500774697,211.25781104536838,147.13075925775075,259.69477071650766,154.09825507954403,195.48618822431752,158.18374171145697,284.1433326372377,226.39732091436127,174.42927174623838,238.13727559189854,311.0250187736541,324.61573719143405,168.9401831051719,334.21237468348403,320.30289690782126,404.1224608959391,158.2939134738789,408.51269290790486,271.2694402464633,404.8139607247676,212.03855012084728,402.1002763607159,283.2759389209377,529.5171901947793,205.590236797407,538.4268829293752,309.374889433152,633.590125180404,216.93975949565726,636.0700670705695, BraçoNomal
68,225.07547739229318,159.58546721378653,235.9456436411416,145.9124883065428,210.16944064426053,146.8439541642304,259.2605695835811,153.57584775189946,195.03000924744958,158.4315911338951,284.19685294748746,226.46540117078257,175.00208046835223,237.7335459341799,312.13113205906023,324.7276782878178,169.91115549287912,333.3725026720693,321.1031477813127,404.9143256324739,157.84626290584816,408.7559746619793,272.0251189205897,405.31701986706213,211.86310834179596,402.24307622798227,281.8184567722365,529.6503440779471,206.18826874313652,538.1949600041609,309.16721991156794,634.5748532829582,216.34583446487846,636.1705426341829, BraçoNomal
69,224.50816984955907,159.90148230517423,235.70685965448968,146.00018548408835,210.01328618981034,147.25029846295308,259.5602842694591,154.0408969853175,195.70369189444222,158.4715493771353,284.5575271821672,226.48356296672895,175.35842568586776,237.37727501420196,313.88289094620643,324.13815736214013,169.86045927945742,332.75269364382973,321.6092009562927,404.2498795921237,157.8563736941564,409.4070487263602,273.2173556984631,407.8607525658515,211.510653469813,403.5135562169413,284.2687895622699,529.7881549446035,218.9749476807591,537.7714703630381,307.96792170602527,635.6487752830009,216.40827759323417,634.0780944137722, BraçoNomal
70,224.07900988359864,161.66183569830216,236.0012675992246,147.43985124135295,209.71536254882812,148.96488407892014,260.32318719351804,154.47855176814338,195.70833311934416,159.4279847402517,283.9619533783731,226.94231074143943,175.55973407359443,237.8790616135653,313.28511350906314,322.82281983965566,169.67334962540565,333.9043940013485,323.1834709301069,403.8412842360916,159.2383727062537,412.2988898911829,273.6421099785237,408.3824983292517,210.91063604095103,404.45631292914607,284.58903882290144,531.6972886133751,218.50038243453326,539.0343071904164,307.99785254808717,634.5820146961436,212.41761299608282,634.6398845739402, BraçoNomal
71,224.1300712615136,161.3042701042116,235.839704442117,147.53333572283793,210.43040521228363,149.01214363602813,259.1472990355139,155.22430539780555,195.62494677977804,159.31079855387313,282.66156625933223,226.41550642228776,174.73499504786986,237.1871934586462,311.7373187514131,326.33011177077833,168.83817732844375,334.29344120099853,320.6308588851751,405.49924801481376,159.56404094473402,411.2593843482348,271.9248346336157,406.3875193391793,211.26039407039895,403.03481133902585,284.0804800820258,530.7831934112984,220.04885061241777,539.2607384210431,309.9962602904799,636.2151924408828,214.6175978619765,636.3075528263118, BraçoNomal
72,223.34885320403697,161.71748573956324,234.90324741022135,147.21040779885615,209.9475613234108,148.68820321049674,259.1085599832498,154.89947063542527,196.21490874828532,159.34718419211384,283.1459174397391,226.56230887179245,176.5560237424383,239.34838710591953,310.6040157288429,327.11667450856606,168.92641592953458,335.2651865992565,319.2765064610582,404.53900134609836,159.21789029785634,413.6308186861328,270.8530721033594,408.61957702933586,210.34344231572135,404.99347147960145,282.04428808976706,533.1336860693847,221.32532657074097,539.945575973867,308.5435505729705,636.8816211979678,215.68677736720224,635.9337966922193, BraçoNomal
73,226.11128702794537,162.32427847153483,237.4176904784103,148.3260944010219,212.27810909404832,148.7896738868743,259.9711686219687,155.98969867257293,197.24223739906046,159.60985365150503,282.2224338249474,228.16610184161118,176.30718864262803,239.4058696880415,311.0175352727393,326.9227911322034,168.2232102865375,335.98419390578215,317.82667063553515,405.2717220811065,160.4659972432059,413.79924883267296,269.0407607230695,409.6056286555784,210.696564284744,405.69200744332045,282.5638649973888,533.3097348751262,221.91605522660433,540.8160301163967,309.9885997401138,636.1514728175991,217.05375404951639,635.8630820348105, BraçoNomal
74,226.54284822708905,162.151581749378,237.88302899798532,148.69591829841704,212.8683271519405,148.889216779271,259.41682204754903,156.71657203329212,196.73931894784772,159.25964114243882,282.52408498919897,228.61837940735577,175.72955690376494,239.30786017035697,311.91120976696686,325.99352021347227,168.2411855482406,336.04345172481317,320.11683058089324,405.05553521627587,160.9007643020571,414.29696171385774,271.0482185378613,409.7308310720244,211.00456077486626,404.66160176792965,282.73402690887457,533.8223167486228,222.10961770083657,540.3504635666131,306.70450156393684,633.4461515701234,215.67988508499087,634.411697866388, BraçoNomal
75,226.15050031981116,162.2435083537714,237.51423973332123,148.4641985058321,211.98838347498082,148.68074025996467,259.4595415508701,156.98828128989106,196.64385451602567,159.1041308634476,282.7243121106337,229.2517643345933,176.60669545348054,239.4363158704706,311.5406468461924,327.3536069847731,167.18516619196203,335.65861893442354,319.80872027326654,406.1157737242109,159.95760448619086,412.6920123898102,271.4999333392785,410.7814156424675,210.67388930858806,405.274483736387,282.3085201686459,533.8964799183352,222.06222851823742,540.2224141317583,306.02151749755626,632.8623262620622,215.4000679120016,635.0858365737975, BraçoNomal
76,226.73466391878839,162.3403085604716,238.30019146772213,148.8436225935643,212.6366974648799,149.0503041159782,259.46341134601994,157.83434766090335,196.33146103439628,158.0808965306338,282.62590423168376,229.90390227648072,176.43223851200207,239.80693569999727,310.2408446226603,326.4201256087782,167.29026243009457,336.0943344724782,319.07147213086085,405.35296564807226,159.1779925201654,414.08035435658024,270.48744917843595,410.49199511754375,211.15224847162744,405.2932920789904,283.26932327849397,534.9354361337447,207.2118611762496,540.4018584930479,306.6916797059056,634.1404106830345,216.0558780492048,635.6461941351687, BraçoNomal
77,226.81357264611512,162.89219778335513,238.52312913328296,149.21191390664663,212.70264996628822,149.7346516212137,259.5011797878993,158.05611909224368,196.9109715524815,158.9684402430104,282.9287109597648,230.41439591493125,176.9750816144832,240.313115338871,309.58752266256727,326.8314842008895,168.23905621242898,336.2453955936061,318.93699200700695,405.3046358902631,161.04417435761093,415.753010078163,269.95581710013903,410.42556363413775,211.35793251007914,405.43613462782093,282.6988810119926,534.8235898852813,205.74103550595532,540.6329467565633,305.8368565006479,636.0315565919134,215.33549228623684,636.557634781075, BraçoNomal
78,225.95549141479376,163.03755814927098,237.4715407803829,149.71580692024082,212.299511527273,149.56759123672308,258.13627237104726,158.6858709983325,196.5126268854401,159.77026835837717,282.55409803279184,229.9290369753708,177.56115797985393,240.56509148564322,311.8992842217828,326.17774649074573,169.00337237050098,335.3932787156755,319.6219457485333,403.53098294150504,160.44008953376505,412.3793398972152,271.90264970504825,411.99803465906285,213.4318123234849,405.555865900062,281.8829264844902,535.1786341054894,207.7908697907563,540.7458742713186,307.32624707055004,635.8779891144906,216.8737864438662,636.814404699821, BraçoNomal
79,225.86541592564566,159.1142615599391,238.74388845827332,148.57625737171693,218.77708859573545,152.98883397291607,254.46581909535928,159.80166509480793,198.57315053086342,169.78052483644004,268.91458611544004,205.01015504324948,186.77880284340932,214.2616622939648,278.06516569412173,99.59704660719935,142.17272073842213,137.75283237561177,240.94076174428028,24.362326981956393,163.38948520704935,34.30310039297616,280.70853060043277,408.7868634680366,211.38223570886754,410.0813115264655,290.20178445211184,540.8843561870115,208.6773437470314,545.4707676854115,301.5884845711378,638.9847271136273,210.1005336301336,639.1305648807422, BraçoLevantado
80,225.46135271940716,160.91773993124758,239.49464296923537,149.36182341594179,217.8117422705031,156.061578576203,252.9940844658284,162.83990812487176,194.4468913467942,175.27353464861326,269.3119419929119,207.69601853626713,184.4360169246503,217.80119224281165,276.2091389073472,105.12201503093141,134.55978284271777,102.38807075589548,242.29521929150894,21.59762234075524,166.6030781816416,27.42434349505354,281.4133233652969,416.6771457724071,209.85029636190097,415.95669914869023,289.71206092741704,545.855962478697,206.48321415942007,551.0672407706888,303.1939737379319,643.4233489537518,211.31345515863444,643.7541642727092, BraçoLevantado
81,224.30777832506232,176.10037771737066,234.66822730520823,172.94813237765422,219.27981102791279,170.49542838961236,253.65610081861922,176.0363126895771,197.1693206891012,185.80226399462512,267.8256845659783,212.51028334189948,183.7502111326396,222.5103298365374,278.6755175943041,109.33425069319135,143.20306555306405,143.46017319497432,233.02112479896402,28.396683273612297,173.87085619603613,30.596949521669618,279.96512761839637,418.82811362826874,208.87285376522794,418.44433206899623,286.0973594569047,550.0052523186235,220.95424672880063,556.4340933640179,298.7440341697129,650.8928337171384,206.40038347058726,652.2809599048896, BraçoLevantado
82,221.38280441046692,178.31699890849194,237.0966124840748,177.1462594117636,220.7818353408042,172.06715564876217,253.68656913222975,183.8322916587503,197.70809244460173,190.79428392996584,270.68802249478,225.58318430533205,187.11367380016048,232.53490770837215,282.49822786531564,113.94471127699322,139.5084829664416,152.44407652324276,243.72619579367142,27.16434637581792,141.740305117596,45.70313751280076,278.8099542461945,423.14075520020054,207.61625793100796,423.4132430001456,289.26894567077727,554.250189963018,217.47200966623507,554.8286452979894,299.10889198807894,661.2116535498475,207.0964470651827,664.784487765123, BraçoLevantado
83,220.9491533954784,179.41818642523504,237.7276578292773,177.77839550805,219.56168007757879,173.47910210130743,257.0424150177477,187.00744909442355,209.00377867286772,187.48851458478995,267.50264519569015,231.8066479872173,177.48762317761373,241.34130631532187,283.1136952300016,123.83710908704232,140.70793055745878,154.44765980048868,254.6825086541677,32.59801616742917,166.43866405412848,26.016076351418107,282.6524624397783,431.6420388166079,211.166067813621,429.72473315969984,285.8198344419903,561.8861968489473,217.91196490632888,560.4060855672518,307.6352268174465,664.2216665290209,205.88621605602225,667.519286857041, BraçoLevantado
84,224.92850579733056,185.34892887456874,237.94938536875446,184.69447506262637,222.71697319713553,183.40273491232313,252.07987539684729,183.77129496117976,211.31917764982825,196.46149617503127,270.66538071539617,238.71683116274588,180.89469682010696,248.35818549723942,277.0379279392703,122.14223998251593,150.48170602553552,163.84994204777226,265.2663889042598,38.754768564543376,181.87002075135945,38.65882515072359,281.9965029171005,435.80623479761505,209.73793635386903,434.56074091247086,293.67165492666373,557.4344986422053,218.28803691047642,564.7321276683289,308.7947220932185,666.7435020046012,207.52238378265025,669.0382399429144, BraçoLevantado
85,221.28722141874442,186.9350358688414,238.6658649782031,176.41697691386776,223.19875637009915,189.29610095784824,249.8821803178305,189.54167328919883,211.70164556540408,202.37160129769768,267.9814548863511,245.26415781102756,178.83375426303553,248.04491704354493,279.41732159848345,130.25524022143176,145.64813428351852,168.47276803398876,254.3343456505802,38.12141209168193,172.5374841318984,46.47966020302086,277.9757051356572,438.296814721846,207.037540183457,436.3376265945138,289.70513544843357,560.5852770007539,215.85254465837892,569.4244487257783,306.11314533100057,673.0048653346556,204.10944577228236,674.9362930565029, BraçoLevantado
86,219.2525817707819,198.97836082918636,233.767015562911,187.4334822406101,221.53403625785148,192.40027262914043,251.6417934031802,204.4504993564888,210.47901319065915,210.45541742432442,272.5879259295037,245.76369651467886,183.7653504415245,251.11406137785562,281.0596607631283,137.32116526295704,150.58862334373862,182.1102012010864,276.62518140592465,66.92772298285934,163.02179617826113,61.54453678724831,280.45207605102183,441.5833109696088,206.97902217820462,439.50604034305087,292.3370324507762,563.0687480733553,206.91581552409014,571.4579928802609,310.6613955590512,674.9111346456327,216.57582644451458,690.3536130025229, BraçoLevantado
87,217.45307644053656,197.44165616462203,234.16186587448715,186.7922043856016,217.5763265706222,196.10793948637374,250.1049796635075,200.3687396550457,206.95000661857398,214.34835349075527,273.8572898746001,247.38130408409506,184.73894418863011,254.5559422311152,281.43503721586,141.43339327801064,149.38136581688076,179.54295254124742,269.039306388291,53.28256867634647,166.4889903606608,58.99401653415962,280.37983434209565,442.07822267554616,207.74714173788232,440.0567099797587,290.93426495512176,565.2978844475654,216.5338720477509,580.3833371025115,307.09948150100416,679.72469110526,203.90563339945874,683.8743634984652, BraçoLevantado
88,224.3328798271803,195.3685952049285,238.68627466986152,187.33106229462976,223.8449457665826,196.36732957891917,254.7066300611088,203.82259742944623,210.99003165426888,215.95730678023997,275.5432164010371,248.5226881494782,185.38001340291385,253.67816740993396,282.5213280763144,149.0775705218779,149.42458169098495,183.5803961327104,272.38258176276656,64.82761850987892,170.17771924979957,68.61343768227425,279.7588468284459,442.8256385150123,207.65918926135112,440.84224361761073,292.3468745033101,568.9323192255043,204.04872097208346,575.810836632428,304.9321053501233,678.6612309296307,217.6519298479251,686.5721410758765, BraçoLevantado
89,220.10359999363527,202.4439963440951,235.87986700358562,190.19098160146277,225.52043744098353,198.82042560503177,254.94714067511063,206.47199150189354,211.1069396200811,218.22779684771825,275.8311351672221,252.34772693693407,185.87094344749528,255.65349391091198,282.52636924328044,151.08507576062988,150.3320091336618,186.1365175506948,274.61703910530775,72.88284925171374,169.10718974250767,71.79487721187132,278.06842055858806,442.1883964390143,209.4625359323702,440.2336946183142,290.0406346738571,569.7903008665093,217.7370305636514,581.8983413533015,307.1407213767679,680.1289890601014,205.09863370309085,684.271107211651, BraçoLevantado
90,219.76978748039517,201.53159649919445,235.3578540852098,189.39681996445714,224.5594256657107,197.99939829458987,255.74567480124392,207.06992148610868,208.78722822434247,218.87958385230039,277.59829893743023,256.4175697875858,186.77695765615903,260.11489347910606,284.5808487049801,150.43996051684428,144.7980155351097,153.77682575270362,274.57130818051587,72.87900474934263,166.98662736350929,76.96355139884504,276.8109284115209,444.27603394326536,207.7848374630227,442.9483242999719,290.434588672586,570.9307277582963,205.92450932306076,579.7343074060136,305.4050328889246,681.8673364513115,206.5651848937751,684.864399922961, BraçoLevantado
91,222.98766600018814,196.05586165491246,238.12361151362677,186.42943480228172,223.25631641135607,197.17779873502857,255.5536820600933,206.056016977659,207.75823894456204,218.41081144280935,277.9788477634178,257.57912800562525,185.572349572576,260.1240826617883,285.9228491634711,154.40657919019114,150.22965083882968,184.69343647789864,272.2128687981038,78.3663726910543,175.73076858594726,82.01571756207062,275.88827629683084,444.9505164743862,206.75278775701264,443.4823433842641,289.6103349520539,573.2728612024033,206.34864709163918,580.2888828010412,307.0473641495761,681.8372024766203,219.417922246317,698.3868177354568, BraçoLevantado
92,222.93335133860552,198.11686428233344,237.24064379350688,189.60399311525813,223.6804889575053,197.49925098344974,255.29252779622954,208.0442119702291,209.38611854375108,218.4238949230209,276.6609801726583,256.5478109997998,183.11536169423204,257.7437334097777,282.515818202542,148.80830201842906,143.1843125384142,148.52311724354786,269.18695614588404,75.13258975581901,177.5706269639012,77.74969206338727,276.5722104232135,445.05153899434015,207.3918920138467,442.8685619413621,289.22977980287163,573.3712295613865,207.40260666724777,579.0987065942371,307.4305592325411,684.5538595325752,207.02273758468925,687.1105421340883, BraçoLevantado
93,225.02905882007883,197.46202949791103,237.7524510756541,189.99298972935065,223.08283956505448,196.903574427742,253.96217821915332,210.66466221178553,208.59945779644562,217.11183518658353,271.2089999900254,255.30682476206977,184.2790080485177,258.91823836894355,279.4636650827608,144.88770711282814,143.82364126865969,153.74509596175258,265.78552951144803,79.51155383484837,165.8336244278845,86.85260107730613,275.4825848679599,446.21684686683034,206.93038416465436,444.4691316626879,289.7113163712424,578.8775006936219,209.44329761252794,585.2173269657774,307.20983705631954,688.0359204348888,208.07880910732405,689.7193527080206, BraçoLevantado
94,246.72097264004128,197.364996913806,247.3147577701376,193.1833781602318,221.70662311450053,189.3965417438908,253.69575831491198,215.89268056891774,190.13249182793885,211.26322332987064,269.44480337892526,256.74656481687197,186.82983141975183,257.5296252952012,282.58301637330413,157.1895598400428,143.90407388590654,156.95388330838097,265.6771515352717,79.18924795514415,177.41005022516515,86.49131586393958,277.7426147906233,446.6586010558132,208.58601784613347,452.85339695377576,287.715550341031,580.573535637169,220.8727154564765,592.0139360798936,304.8903943963552,688.5676015179446,205.01251179142224,691.9692209110186, BraçoLevantado
95,249.09890168928456,201.04750694096785,250.70230420183117,199.57273717798614,227.12731454901194,195.63601733552807,259.10405628783235,220.78224103831133,197.11608097061577,214.63238665380368,273.54609859036105,258.9699000551543,190.76633637239036,262.09913726539463,284.14854136886305,155.3606477024954,147.64010659451617,164.2241502902851,269.23867039365064,69.81621680649339,176.18459217279337,91.32419047374206,278.4262951988191,450.3046056992349,210.61496978047296,454.02696766092623,288.1671953897068,581.336892250447,219.7176922601485,591.6047392299668,308.29235534074246,687.5479479411233,210.48088011389115,688.4871435091189, BraçoLevantado
96,249.56314194898198,197.5132979604521,252.3958391122781,195.44176879467204,227.51236074722232,192.2717647626706,257.80589019092605,220.0879242262488,199.19945348004887,214.02097996570723,271.4653944690868,256.4172536278513,190.95345867283152,261.5540336208121,287.47955646403574,157.1309406636754,151.14089116790416,167.46859729336396,266.30647539072004,83.73850673274772,183.54778600945087,93.01929037487461,278.1110752491636,452.6567614069245,209.19974712267924,455.54547970397005,289.7002681693215,583.7055412704843,219.87818442615554,595.2924311151764,309.80816421805656,688.8303772860464,209.50046877731148,692.0954334578162, BraçoLevantado
97,247.07659306136554,196.1847726250437,250.8163374852578,193.97211291539531,225.66414152509049,191.55457221302078,259.81808565933886,220.22451945872623,197.81481927656478,216.0441712720849,273.15998535304686,259.42361456689207,192.68982888010225,262.70868374865347,287.2240930753923,161.64192040142848,152.0966546915849,169.28199468234172,265.6739377715709,85.75429061414667,168.92088629577876,83.31660895588797,276.894042063316,449.38045814900084,210.99638488413296,452.9151903738772,289.70566659678747,583.6572668406286,221.31353381264535,593.9819600814047,312.5036314582083,693.8096254549138,210.35018916445483,694.1288910635715, BraçoLevantado
98,248.30748352837475,197.738678750361,252.4336565589163,196.62834789409712,228.63044937297065,194.51805122167684,261.8339896814369,220.8110669021013,199.60039460890954,217.64983709313063,273.2669532568075,257.51000995487556,194.3101593752316,262.297856304896,286.7134856194374,157.43946118855754,149.3646931332837,188.10239877960564,261.0753723025786,73.05418885821035,172.3793552599065,79.7091505072924,277.7516553782304,450.3768229057817,211.8064177398088,453.2575945279014,289.3364805516566,583.5038613950696,223.1589834755033,596.1348102732856,311.8148885422644,694.3830538501072,210.33356864721395,696.071173734702, BraçoLevantado
99,246.77517743611617,198.2453120784537,251.15004171378882,197.02552039892294,227.94636823231144,193.21780953611383,262.37508758218377,220.92180105869875,200.0793260210683,214.8403968375017,272.8355659455177,255.93848978035183,193.9285071517707,262.39646652607604,283.4845284673491,157.12666065127007,150.4052127585801,166.84610406897878,278.26471149132874,65.64852014682637,183.41669867474747,96.45201366142541,278.6020547184035,451.50063323232456,214.26082899041677,455.0269603506601,290.16099668476835,584.593643399992,212.1424844719557,591.6510392422806,310.07433277530896,696.2007312514903,212.5342917460876,697.7443226654706, BraçoLevantado
100,243.49183646250333,195.80036981189298,249.9365329185813,193.65684949377632,224.9529560103955,189.85747734396375,263.8525067637403,217.99209423287834,197.62654615469017,211.00333489054373,274.78093473085636,257.252265473748,192.03101443502226,265.4023505579173,285.3349770108086,155.13697338475328,145.56462227045796,172.99408935665622,261.60614126480044,71.53104191345928,188.09581334488865,93.87653852529563,279.2399694242366,452.71311529879443,213.95784363208583,456.487463405624,291.31518051405135,585.9954972434138,212.6473678559181,592.189001628861,311.9394207000733,697.2570422651239,212.06027503700108,696.6485406897875, BraçoLevantado
101,245.02661729508338,198.09270335542553,249.57823383390672,196.97443688982656,225.34203008362294,194.07420563605046,264.0971369390822,220.5733543017495,196.81560592057644,214.6497248536418,275.6211055132202,257.09567076686756,191.86055572858584,264.52153111849316,283.7108956756295,154.85700919748746,147.65168752558964,191.95824812358455,254.54743415001303,71.57344525704589,190.26197860398645,95.43784911159412,278.70120241113216,451.48822396274676,213.41761833220608,455.854886266508,291.25944629526094,584.3639802264796,210.7038138274553,591.4034181958507,310.7006610172732,694.4667089254476,212.33122234863998,693.3538535337041, BraçoLevantado
102,246.21595172659437,201.11438025760282,250.18893271939766,200.38447650582876,227.82889513097388,196.7473440949555,265.34767673358846,221.64982603125074,223.38485431300063,224.0532928830455,275.917902044749,258.074061842744,191.61319235233947,263.9089542441795,285.18410716632,156.7019079520081,147.029625859242,171.95282359438647,255.22011615144606,74.16033692118724,193.39863845439277,93.98410871335041,276.8432841987462,449.79495620727545,212.83692616711335,453.5200893090393,290.60657013274357,582.9639617397164,208.20565239279188,589.3279567933732,310.3831038567807,692.8398465702043,211.02773528340265,691.5917961384073, BraçoLevantado
103,252.08609425882423,201.0142311289153,251.66036778758013,202.06408378957312,233.1857697230833,197.6799678876706,262.6446074326215,222.5760918517057,223.19402662047156,224.91430728630334,276.06818857452754,259.6542499315878,190.15231306729152,265.22212844368084,288.9270637731144,156.89627742396254,148.58797877122458,174.67340972544156,254.45087738630838,75.27879940582157,190.84778030558783,96.02531183740045,277.82575057359986,451.330894974883,214.95047770399992,454.14413171612335,290.0646802024619,583.9852462067679,210.84331614869114,589.3389943249031,310.61933524877645,689.3530980070278,211.7357560391556,692.7493466366126, BraçoLevantado
104,253.38683863836508,206.16645631530406,253.58509292305678,205.66298893175238,233.7358908226518,201.16718130445668,265.22193368399655,225.64946877446158,223.5632126656024,230.6553728645414,279.74819856858903,261.22700708107266,192.4424457438725,267.35254384200397,288.47179770747977,156.9934516871486,147.23792770029507,170.68109003208028,259.53107427159176,74.21356241248462,179.38211751448046,78.68122826661582,280.993814175231,450.98717717716204,214.86484583991978,454.00764555875435,291.14937687685523,581.9302640016905,209.69605783544165,586.9076070117579,310.2625742812101,690.4605431153153,208.82447816425724,690.8046141227396, BraçoLevantado
105,252.62603501494294,205.3052095346414,253.5062031653141,202.84411624804545,231.276135682132,198.6956247114486,267.9166042016174,225.0552015007702,222.1416794595088,228.70975905540854,278.54197093206625,262.4409942654784,192.23554370004382,267.7554356764263,287.0352002804382,158.3335690686211,145.05482181222527,175.58938138494233,257.06562588465357,76.38618681495755,171.99537214880326,81.59168412620456,279.5237962930583,452.0119662748701,215.7315281968173,454.950653617948,292.54953447390164,583.7322836416241,212.12204316432377,590.0609201809776,310.4306036952869,686.8929270176573,209.26478118005895,687.4247788269696, BraçoLevantado
106,253.70701518225763,209.97931030659362,257.35010483292757,203.37962365428763,231.02627859598005,200.2190609423567,270.68996055395223,222.64487240193884,221.59886481140376,224.89239188390948,277.8894298865174,258.5985783510171,190.0689970732663,268.19060425814024,285.5360652723201,152.63333843468692,150.7796059545376,189.4943520809426,251.8369651304609,82.4819425145012,159.82281452579724,84.55791372455049,280.69979431657015,453.19268377281816,214.85370753247452,455.410677097187,291.196106854058,584.5116663424421,210.2685630442104,589.7977503988066,311.187026925588,687.6362414749681,210.03698868510327,686.4636152950243, BraçoLevantado
107,238.25607941044564,209.6218569492088,250.87477091778118,200.53261393981222,223.92455953011722,198.93967236247974,270.32150799940536,219.26751737928578,198.16865576658734,213.53209544990779,278.1550238234524,256.53790966731566,189.10968149496892,266.1470142268949,284.927813463174,146.64285997472385,147.5262511509402,192.62767526055126,281.96145265853824,70.4877337593049,153.265021409506,116.31341478518476,282.1424683337082,451.7982897183311,216.67759826303921,453.85747758887624,291.0187649673525,583.9845656729394,210.76730186373345,588.8778216050293,309.18209522707457,689.5462605391959,208.16610397160753,689.330043095791, BraçoLevantado
108,228.62134002062135,221.21489456933762,247.83122366597217,209.19127940203893,218.91953594489786,208.56864983376826,268.21171402096286,222.7544549467035,195.2785163315354,216.48536151114143,278.4202636614848,257.72301546237816,190.32020337108509,264.6249833260065,290.551441014045,151.69524982096158,145.44376546956227,167.71490153449983,275.58978672992396,78.93404539828171,171.70789284464917,81.16816128830966,281.65823966519844,449.39763194577705,216.76879770004336,453.14988522956344,292.36387915462836,583.7708535484303,210.42709501986377,588.8866942327775,309.0293521361593,690.5885044206442,205.91728823472556,690.8819673441727, BraçoLevantado
109,223.26645881563775,218.94506685650305,245.54045037072922,206.07004538027695,213.24189675178974,206.4234345042752,265.0829783191013,223.542345555376,211.1178581965109,219.20693643176602,279.62330519828356,260.65161533392825,189.90694900616597,267.19394073041036,294.250781903471,154.24936085823447,144.48063463366913,171.31956829264007,275.01209175911396,77.28264509564708,180.2004396831943,97.00801533205501,281.872994326432,450.2076078927007,214.9832381756853,453.3264414716788,291.62595131819353,582.5867862886956,210.12447324522742,587.3485340478355,307.59270491395944,688.0139580037344,207.08196694934418,688.5147288411508, BraçoLevantado
110,222.63074853355323,210.26256413589658,244.03187167134269,198.06273615499416,226.69886594245406,197.1946563720703,263.34314023474315,217.757754266494,210.39773958851856,218.11704372153673,278.32781223193217,260.3646308197586,189.01749603479294,264.8894683326729,297.55118048515766,152.42211369688874,143.92803405138307,169.6004750292589,271.4635148994654,77.44243538704364,170.7334917046217,80.70879858291568,280.4878202802013,450.902789401637,212.27484790638732,454.5294924932695,291.71078171734683,583.7238587751,211.85322993089255,589.9096914951904,310.15004038532425,693.5846746422437,208.22299059263003,693.1048607492262, BraçoLevantado
111,223.1717373591917,204.2645373622731,243.93556230263027,193.12197835899977,225.92484368053397,195.15122748348963,265.03230739845844,212.34656170300474,211.1267944514056,216.05836565856342,277.63003188997857,257.40352893710605,189.37067056537143,262.0953686413598,298.26569713785494,151.50886733429905,145.9781497183477,169.74319585659163,258.9684869936932,81.66317100376472,176.09601528078667,95.69889904274551,280.515573572092,449.54064680166283,211.85549837698733,454.0336876360823,290.7749078025614,584.4638029202414,210.3262716805425,590.1690973957226,310.4315205585168,693.2055354934722,208.2663044762519,694.8150659720721, BraçoLevantado
112,224.35360567857322,205.14972771002627,244.98117644684788,193.8363555062142,225.45278558100244,196.40707085754158,266.87779183888716,211.4333050652237,211.25717240270478,215.029795488031,276.5454380168989,259.0130898460804,188.56342268175655,262.00797576755866,299.9879504177821,152.86549334210645,143.96372532380695,165.18860504506628,270.6968085738008,79.87236164701588,161.81145609399226,82.73678306846767,280.76867524751896,448.4911988254651,211.54235480638795,452.8144492360869,290.15576266036425,582.8443490273758,220.2823377379184,592.4419634036053,309.41426396648245,691.2386824685776,209.64894687340882,694.4544320477586, BraçoLevantado
113,227.94175071938957,212.95083508649228,246.38131749490822,201.37835703749602,215.38843639537055,200.5554975813929,267.8326037217671,217.28919368402504,190.03798852170956,214.12232615418935,275.00722448000187,258.86547407565877,189.10493554215492,260.8343196972799,300.9448742476883,153.06411713848783,143.65448474512954,164.18478524174674,258.36255263540073,79.7466407286054,174.82211128190335,98.38662669259752,278.9900949492993,447.0003001736296,212.14061754872364,453.0152644146278,290.6157466690364,582.506728320734,210.190771941545,586.852349798967,309.523263196537,691.1087895260711,209.36411856862821,692.7796473855639, BraçoLevantado
114,260.28637671563416,212.6525510234128,264.53845482763154,205.19585541528488,238.4481258061262,200.77703940172606,274.7905776027576,219.74881287585902,226.961645267353,218.47423703753995,279.51763671103157,255.55049460221824,191.39001124378308,260.2850996529546,298.00929673079855,154.19932502345816,145.30467573677987,189.70125965756665,252.86793831257506,85.11571750566654,160.93867817741426,82.96764606817224,280.19870801101865,451.11072449739805,211.84703636169434,454.88358191107966,292.20023966786465,582.3704460863937,210.0240292975875,587.3927209275242,308.9612260365765,688.0657753986144,209.4909934700695,690.2577095038696, BraçoLevantado
115,264.153650491618,208.59916320014094,264.1396730697573,205.19007601533883,241.25841276469401,200.16818372748708,271.01623739992135,223.67742796352402,228.22516183816043,228.53465556727312,281.8338940616712,258.342620567589,192.20247181101996,262.44021038693677,297.2529462172364,156.67632509669443,144.54722182574443,189.82459040838458,264.50969377658714,85.7961438397953,180.0946961080054,103.26178134369016,279.92494450654505,448.8384781625948,213.01585360723715,452.482473610904,291.2256772740226,579.9109652144436,209.43708191214836,583.589235885366,310.00498629915114,690.0395254481164,208.90952513282866,689.8551196019938, BraçoLevantado
116,242.97718769474255,225.45188791000427,251.93251334461257,205.09961876331138,243.1703138685412,201.99083906388933,273.67759416632157,222.342952501913,229.51596615564966,227.34338939978457,281.4313831997289,257.15149983357827,192.15533792740644,262.6850002229446,296.8396701163355,155.5717139652267,142.6767338927154,190.37913142104094,259.202663347415,82.40474579213658,160.43052412099877,84.98418557133657,279.46004742499923,449.60164033763607,213.86854115348848,452.87758001186506,290.99183131957335,582.3651488300428,211.1226938596496,586.1739010439773,309.38024517905393,689.8771936276544,209.39328430413275,690.102546210187, BraçoLevantado
117,258.4375963099736,208.42556858433824,259.0727533125228,205.25076366676896,239.26566902394427,199.46289063984318,266.09567904936205,222.41401888702632,226.11962020814656,224.51000854106266,281.00292036598296,261.7585087434791,191.26058335248598,265.2220272725658,298.19346333292214,154.47328849896383,144.39645315237084,178.9430520914872,262.6791731763907,78.13614359161734,176.0404454650582,103.1808792292376,281.5323314221453,451.8306897679192,213.26074461435996,454.4099667248559,291.2661141040608,581.6471706234528,209.17693935943487,586.0098505001588,306.9420608268174,688.8715314034822,208.63805141523193,689.0271031854218, BraçoLevantado
118,251.58659112314308,202.4283480180377,254.84535779099525,200.82753090171963,232.66402079808574,195.0466102273548,266.3288721463096,221.60918448778443,223.85151556586482,223.4930317503933,280.0794652055674,261.7562458301797,191.57544920323892,269.2764896437352,295.0544164765206,147.8167666015922,143.44291302202276,186.4066475894201,245.90248883466313,82.01876850350823,172.47807218499685,97.93755340576172,281.08772547235753,453.06918229574364,214.45872601460854,455.9482656248813,291.8584488637253,582.6474257751662,209.39820691119837,588.9701453850892,305.60931475895393,689.3281099272145,208.39132984324652,689.6417513011959, BraçoLevantado
119,249.49479058558842,200.9237754576865,253.34621843568084,200.3125304062543,231.7176424761227,194.39987861692674,260.3671001998367,221.58434855984345,204.07933155757445,211.24430828335684,281.1634654887456,265.8597021416004,188.96158516175092,268.34102831740324,297.1253275500198,150.6222732373249,143.94067569836568,173.01514559497167,262.6676191188946,83.09643689760439,181.62815618329478,97.72230869693979,279.37528025779284,450.84473931279166,212.89624089489655,454.6749575870974,289.7470171284583,579.4682910006334,207.64938830958266,584.5976862925964,309.00372738968076,690.4637473942241,208.09883466490516,690.1462240727031, BraçoLevantado
120,250.96740492958043,201.78070112517838,253.90418820065747,201.59898910819325,232.76025270766326,195.11665541652576,266.5212490215376,223.7307388179497,219.62657186307797,220.92164772122752,282.51030042477623,265.7393622618705,188.24793439152643,269.5220145511256,296.53817545115254,150.42096326879954,143.03374383607263,177.41176403357363,256.7944556804019,84.26047222716336,154.17410869078878,113.00732611867706,279.13745383993665,454.1524261667571,212.36430688405318,456.1679618627645,286.99641657061153,581.2480853522335,206.7564267555564,587.2544674372396,303.62627237965626,689.2661090272874,207.944735248729,694.0643201802028, BraçoLevantado
121,241.7754661248352,211.48771304332794,253.34155666039612,206.21239155832433,225.97786682960128,202.5011501200932,269.8150833367374,221.94572308833497,197.3480031054308,215.16736528288996,283.24457903687596,261.9361843886543,190.5455644010106,265.37890573280794,296.4015659914871,152.4843473694204,143.71591458153637,191.63868967197286,266.49706912504564,77.31957571423008,174.37472944964696,103.08352732380077,281.0927342329508,450.9474042825662,211.74469703644633,454.17621718677566,288.538512351448,581.6571446726758,221.19950448121546,592.8439423267944,304.642890329027,688.7913351156369,209.36193390486306,692.9382971307183, BraçoLevantado
122,230.24520518158198,215.25330243871372,248.69700733882445,203.493501229045,214.76274837686861,202.94824582778992,270.94699525647593,218.80799738442389,210.9141548987957,216.9358899231551,279.25135196507676,259.43926368334877,189.04480235585908,264.36962110847816,298.9143138506997,155.02759871501405,146.22825578029057,189.75203491092194,261.2385107255632,86.95951207231455,160.01267793113624,90.00453341888547,279.0821922799493,448.94846381102093,212.29904519166467,453.83409915731113,288.4716287596217,579.5498372905449,208.973610711005,585.4646377804679,308.26432461868467,689.8575830297248,208.0970610087948,695.0648357190975, BraçoLevantado
123,225.1985354553401,206.9316355894512,243.33555989135567,194.9801929711368,224.4657064356229,194.53212981465262,266.4338940869046,210.76463271022308,208.74590298545036,213.99554531026908,280.2322928692117,262.1135436764951,188.25471443703202,264.9885859902267,302.4093435265211,157.18202456797144,145.9726137613972,191.3202883649893,268.62810271444954,83.14077988116195,160.9815557606026,87.42134082363738,277.96970442389704,446.8352331762648,210.4835674716341,452.99610987711515,288.6931365927834,580.1867687396038,221.28044453483614,591.3390164579399,308.58190074876126,687.4067253157323,208.38072584575252,692.6847307004817, BraçoLevantado
124,224.61748365854942,213.98757314496467,244.303419686477,200.119976481575,223.93593969975933,200.27851003802706,268.50533156636163,214.16018193519534,207.25223477434093,219.25461015812618,278.3337022877853,261.6446722694872,188.06886230832413,268.6009274271212,306.31501015985987,155.56454899524437,145.40526827949498,190.24024877288463,257.36661627506004,86.18534437691656,162.4486254532514,84.36488239867215,277.4932722544392,448.3044401087186,210.7836220292266,453.501864281146,287.77187261692745,579.8874745461728,222.07365136944367,591.6180732667679,307.31066671883553,689.8972239276314,208.25288981871847,693.1985289985569, BraçoLevantado
125,222.37691020594497,207.31579258840836,242.07637945130642,195.5098285007106,223.76693335210308,196.79177402244005,266.14469645459366,213.15327167047138,208.28056328027634,219.7144542167159,279.2352633865891,263.670411428125,188.7685498838759,269.14883066615243,303.6054271779636,158.0080930453794,142.25601618206457,172.5282501191017,254.5392503552864,88.50662076334082,157.83208630335474,81.94561546414744,279.7816182333208,449.06603096987953,210.76427305347727,454.33210290545156,289.2867423022304,580.2871051929341,222.59153682248603,592.6648844707801,307.33208970244294,689.3525265483078,209.82725147885571,692.7479314266012, BraçoLevantado
126,223.82532015106563,208.10005605452722,243.3188698189732,195.5907211303711,224.75988358375167,197.3540293326174,267.9129019711268,212.73301481203347,209.50956785446942,219.1116782941707,283.4023538099653,263.4836811657546,188.87379195068598,269.6321393098349,304.9113131051862,156.41904655597554,143.1812995361447,171.08597051123238,287.46744280380966,78.72593957626403,156.50815793048548,119.18296905992561,277.4134940878427,451.42529710999725,211.14856521072096,452.3817783162752,290.67085014915654,578.7694562659653,221.08748592569674,592.0348729679093,309.44323684454895,689.3638229356202,210.5993989135505,692.3366716344069, BraçoLevantado
127,220.9348060667283,209.91367633611776,241.50079030192785,198.24035311301859,223.74568741794695,197.60781391307074,249.00149445589415,209.565773176312,208.0092413193521,218.97440331826417,280.9339200847344,264.52451532058683,188.8934543197721,271.38271575957424,304.35732616246446,155.56784930767253,142.2194965711364,170.60015946325163,262.19720030758634,87.41943279963988,156.72444122403516,117.98940915356351,278.2151826977266,449.98921107132617,210.02244849891514,453.08022575526854,289.95532529270605,579.0004409871677,221.55511778894567,593.0010152252732,306.88616536656247,690.6437031438843,210.83671473343549,694.3069506452242, BraçoLevantado
128,220.4989609031826,207.76324713740368,240.80031627903656,196.17577629979948,225.07861685845643,196.00024599602253,264.0161589462934,214.51613985703614,209.07956374201797,218.00512396593504,280.4180201148245,263.5438487344215,188.77361871481872,270.5639221176563,302.74143850200375,155.18139580344413,141.54585423450993,176.81432962974222,266.5415306685036,83.1681150518039,157.94631165382003,116.20320150174985,278.33812931446715,451.0719348595764,212.16481009160503,453.4393563400447,290.717861520873,580.2640334363114,210.49710226986662,587.6058687069074,306.929292715941,691.7195475927123,210.43705405149944,694.3920936473149, BraçoLevantado
129,220.44605947561303,205.65621797583913,239.9993508845452,194.5144991670601,223.49955074147033,196.06547923403494,264.02798173956376,211.53976079021447,207.90678343420365,217.9268451868792,282.67888944158295,264.13956639089474,187.5830718107261,270.85251588487444,301.86691696449014,158.38748872813548,141.1439717400399,175.98375271452076,266.1717660510587,84.39789737894378,157.2464794351897,80.31406841203861,281.42915348320156,447.9754031882676,212.51450330830738,453.5955787688378,291.04128502523855,580.9028547301831,210.75903112507984,587.2333519189739,308.39114893456843,687.9902519516444,211.76111204985983,689.455258553826, BraçoLevantado
130,220.95500709296203,204.27680594076907,241.01718288729631,192.5230469388257,223.40957800423593,194.238641894745,249.36069301501323,206.70150647553027,206.90628646969333,217.58858667737317,281.92566969979134,262.9159412745836,189.20223014363984,272.3635539117954,306.3142023717383,159.60389907930613,142.00982496803374,183.56096969782612,268.5754526338689,87.45637764541092,155.973108165459,84.29509646048342,282.92284382549246,448.179066966016,212.47617842529536,453.6692850877339,290.9645593808783,582.313403756702,209.77460455987244,588.143079423719,309.10295096074566,687.2983647283413,211.06103954983132,687.3432384650531, BraçoLevantado
131,223.3046999163201,208.2854679308049,241.99180830313543,194.57761887724763,222.71525961137468,197.04565345081375,265.0300721491358,211.26884346435043,205.64272247492573,220.4635733667515,281.8645283591423,263.87488773639103,188.617507732332,273.4419905740464,301.5268816372764,161.53861995058764,147.066460049106,192.38662243260484,287.23972677906204,78.15383589035807,156.31713579971967,80.82392024622817,283.0962060638903,450.4878993052917,214.00085084076522,454.3540886533864,290.2492906138127,580.9718953217978,212.96043870977854,588.8046650088716,308.10570253750694,694.8387040498192,210.45421520188626,695.6741387593607, BraçoLevantado
132,217.83473656799083,224.1079940499035,241.2394163070486,210.89013300841887,222.9837076803126,203.6544549882644,264.9560243777264,224.06877680604097,205.3896508346736,225.311338309648,284.3550403090303,271.55494654132235,187.28498060508463,276.4611302943545,311.5524427658853,159.9638757371717,142.1243530414448,190.36028830086676,281.66360331509367,76.33562655022173,154.67027238927466,85.01553280900889,280.09685003896635,460.0110225454843,209.6609735897079,460.5365353521206,290.0029136559379,589.4776030996894,222.42833200595726,600.7100731890489,294.3490597617302,701.8395539331993,208.73067673263847,699.1848578620051, BraçoLevantado
